<?xml version='1.1' encoding='UTF-8'?>
<flow-definition plugin="workflow-job@2.40">
  <actions>
    <org.jenkinsci.plugins.pipeline.modeldefinition.actions.DeclarativeJobAction plugin="pipeline-model-definition@1.8.4"/>
    <org.jenkinsci.plugins.pipeline.modeldefinition.actions.DeclarativeJobPropertyTrackerAction plugin="pipeline-model-definition@1.8.4">
      <jobProperties/>
      <triggers/>
      <parameters/>
      <options/>
    </org.jenkinsci.plugins.pipeline.modeldefinition.actions.DeclarativeJobPropertyTrackerAction>
  </actions>
  <description></description>
  <keepDependencies>false</keepDependencies>
  <properties>
    <EnvInjectJobProperty plugin="envinject@2.4.0">
      <info>
        <propertiesContent>SLACK_CHANNEL=REPLACE_ME_SLACK_CHANNEL
ENV_NAME=REPLACE_ME_ENV_NAME</propertiesContent>
        <secureGroovyScript plugin="script-security@1.76">
          <script></script>
          <sandbox>false</sandbox>
        </secureGroovyScript>
        <loadFilesFromMaster>false</loadFilesFromMaster>
      </info>
      <on>true</on>
      <keepJenkinsSystemVariables>true</keepJenkinsSystemVariables>
      <keepBuildVariables>true</keepBuildVariables>
      <overrideBuildParameters>false</overrideBuildParameters>
    </EnvInjectJobProperty>
  </properties>
  <definition class="org.jenkinsci.plugins.workflow.cps.CpsScmFlowDefinition" plugin="workflow-cps@2.90">
    <scm class="hudson.plugins.git.GitSCM" plugin="git@4.7.1">
      <configVersion>2</configVersion>
      <userRemoteConfigs>
        <hudson.plugins.git.UserRemoteConfig>
          <url>REPLACE_ME_REPOSITORY_URL</url>
          <credentialsId>git</credentialsId>
        </hudson.plugins.git.UserRemoteConfig>
      </userRemoteConfigs>
      <branches>
        <hudson.plugins.git.BranchSpec>
          <name>refs/heads/REPLACE_ME_PROMOTES_TO</name>
        </hudson.plugins.git.BranchSpec>
      </branches>
      <doGenerateSubmoduleConfigurations>false</doGenerateSubmoduleConfigurations>
      <submoduleCfg class="empty-list"/>
      <extensions/>
    </scm>
    <scriptPath>pipelines/destroy.Jenkinsfile</scriptPath>
    <lightweight>true</lightweight>
  </definition>
  <triggers/>
  <disabled>true</disabled>
</flow-definition>
