<?xml version='1.1' encoding='UTF-8'?>
<project>
  <actions/>
  <description></description>
  <keepDependencies>false</keepDependencies>
  <properties>
    <hudson.model.ParametersDefinitionProperty>
      <parameterDefinitions>
        <hudson.model.StringParameterDefinition>
          <name>GIT_REVISION</name>
          <description></description>
          <defaultValue></defaultValue>
          <trim>false</trim>
        </hudson.model.StringParameterDefinition>
        <hudson.model.StringParameterDefinition>
          <name>REFERENCE</name>
          <description></description>
          <defaultValue></defaultValue>
          <trim>false</trim>
        </hudson.model.StringParameterDefinition>
      </parameterDefinitions>
    </hudson.model.ParametersDefinitionProperty>
  </properties>
  <scm class="hudson.plugins.git.GitSCM" plugin="git@4.7.1">
    <configVersion>2</configVersion>
    <userRemoteConfigs>
      <hudson.plugins.git.UserRemoteConfig>
        <url>REPLACE_ME_REPOSITORY_URL</url>
        <credentialsId>git</credentialsId>
      </hudson.plugins.git.UserRemoteConfig>
    </userRemoteConfigs>
    <branches>
      <hudson.plugins.git.BranchSpec>
        <name>*/main</name>
      </hudson.plugins.git.BranchSpec>
    </branches>
    <doGenerateSubmoduleConfigurations>false</doGenerateSubmoduleConfigurations>
    <submoduleCfg class="empty-list"/>
    <extensions/>
  </scm>
  <canRoam>true</canRoam>
  <disabled>false</disabled>
  <blockBuildWhenDownstreamBuilding>false</blockBuildWhenDownstreamBuilding>
  <blockBuildWhenUpstreamBuilding>false</blockBuildWhenUpstreamBuilding>
  <triggers/>
  <concurrentBuild>false</concurrentBuild>
  <builders>
    <hudson.tasks.Shell>
      <command>echo &quot;Revision: $GIT_REVISION&quot;
echo &quot;Branch: $REFERENCE&quot;

git push origin &quot;$( git rev-parse &quot;$GIT_REVISION&quot; ):refs/heads/${REFERENCE}&quot;</command>
      <configuredLocalRules/>
    </hudson.tasks.Shell>
  </builders>
  <publishers/>
  <buildWrappers>
    <com.cloudbees.jenkins.plugins.sshagent.SSHAgentBuildWrapper plugin="ssh-agent@1.22">
      <credentialIds>
        <string>git</string>
      </credentialIds>
      <ignoreMissing>false</ignoreMissing>
    </com.cloudbees.jenkins.plugins.sshagent.SSHAgentBuildWrapper>
  </buildWrappers>
</project>